{"cameraMode":{"drawMode":0,"name":"Shaded","section":"Shading Mode"},"sceneLighting":false,"audioPlay":false,"sceneViewState":{"m_AlwaysRefresh":false,"showFog":true,"showSkybox":false,"showFlares":true,"showImageEffects":true,"showParticleSystems":true,"showVisualEffectGraphs":true,"m_FxEnabled":true},"in2DMode":false,"pivot":{"x":3.3494012355804445,"y":1.8077114820480347,"z":-3.4144463539123537},"rotation":{"x":0.023708241060376169,"y":0.7018269300460815,"z":-0.023389281705021859,"w":0.7115857005119324},"size":3.543393135070801,"orthographic":false}